employee_id,first_name,last_name,email,hire_date,job_title,salary,store_id,manager_id
1,Jessica,Walker,jessica.walker1@retailco.com,2022-06-22,Sales Associate,33550.89,1,
2,George,Brown,george.brown2@retailco.com,2014-06-14,Cashier,28606.13,93,
3,Jessica,Gonzalez,jessica.gonzalez3@retailco.com,2013-09-09,Sales Associate,34242.92,93,
4,Mark,Scott,mark.scott4@retailco.com,2017-04-20,Manager,56517.65,34,
5,David,Clark,david.clark5@retailco.com,2012-01-18,Sales Associate,45834.41,65,
6,Matthew,Taylor,matthew.taylor6@retailco.com,2022-11-30,Sales Associate,43145.46,98,
7,Elizabeth,Gonzalez,elizabeth.gonzalez7@retailco.com,2019-01-13,Sales Associate,32935.73,23,
8,Patricia,Brown,patricia.brown8@retailco.com,2023-05-23,Cashier,33311.26,65,
9,Jennifer,Lopez,jennifer.lopez9@retailco.com,2024-10-10,Manager,72851.05,14,
10,Jessica,Nguyen,jessica.nguyen10@retailco.com,2019-02-04,Cashier,34573.73,81,
11,Thomas,Wilson,thomas.wilson11@retailco.com,2018-09-23,Cashier,31957.86,39,
12,Sandra,Lee,sandra.lee12@retailco.com,2014-03-30,Stock Clerk,35629.94,82,
13,Robert,Wright,robert.wright13@retailco.com,2017-06-24,Sales Associate,34119.31,65,
14,Lisa,Jackson,lisa.jackson14@retailco.com,2023-11-12,Sales Associate,40691.49,78,
15,James,Scott,james.scott15@retailco.com,2014-05-26,Sales Associate,33657.38,26,
16,Melissa,Scott,melissa.scott16@retailco.com,2017-12-02,Manager,63170.45,20,
17,Steven,Young,steven.young17@retailco.com,2018-03-16,Sales Associate,45537.66,48,
18,John,Smith,john.smith18@retailco.com,2024-05-16,Sales Associate,42193.81,98,
19,Amanda,Ramirez,amanda.ramirez19@retailco.com,2024-03-27,Cashier,36831.06,21,
20,John,White,john.white20@retailco.com,2012-11-22,Cashier,28418.29,70,54
21,Daniel,Wilson,daniel.wilson21@retailco.com,2021-02-11,Cashier,35801.16,100,
22,Michelle,Martinez,michelle.martinez22@retailco.com,2012-07-22,Sales Associate,47619.3,68,
23,Barbara,Perez,barbara.perez23@retailco.com,2014-06-04,Sales Associate,45825.02,1,
24,Matthew,Williams,matthew.williams24@retailco.com,2017-02-07,Sales Associate,45065.39,77,
25,Joseph,Johnson,joseph.johnson25@retailco.com,2018-04-05,Cashier,36643.53,42,
26,Daniel,Allen,daniel.allen26@retailco.com,2017-11-09,Sales Associate,45498.58,63,
27,Barbara,Nguyen,barbara.nguyen27@retailco.com,2021-10-14,Sales Associate,41545.14,3,
28,Joshua,Allen,joshua.allen28@retailco.com,2012-01-14,Manager,66555.86,15,
29,Kimberly,Wright,kimberly.wright29@retailco.com,2013-07-27,Cashier,34706.29,47,
30,Kevin,Perez,kevin.perez30@retailco.com,2018-12-08,Cashier,35197.54,40,
31,Kevin,Clark,kevin.clark31@retailco.com,2020-07-02,Sales Associate,36730.48,31,
32,Carol,Lopez,carol.lopez32@retailco.com,2016-09-17,Cashier,36337.25,8,
33,Margaret,Nguyen,margaret.nguyen33@retailco.com,2022-08-12,Cashier,32421.6,31,
34,Melissa,Hernandez,melissa.hernandez34@retailco.com,2017-04-08,Cashier,34329.41,73,
35,Carol,Martin,carol.martin35@retailco.com,2013-08-19,Sales Associate,34357.66,11,
36,Sandra,Clark,sandra.clark36@retailco.com,2015-04-23,Cashier,31839.78,11,
37,Dorothy,Smith,dorothy.smith37@retailco.com,2023-08-14,Stock Clerk,32188.41,94,
38,Sandra,Brown,sandra.brown38@retailco.com,2023-11-30,Cashier,32564.62,63,
39,Emily,Hill,emily.hill39@retailco.com,2023-04-28,Sales Associate,46262.81,9,
40,Margaret,Scott,margaret.scott40@retailco.com,2017-07-18,Sales Associate,43898.49,98,
41,Kenneth,Moore,kenneth.moore41@retailco.com,2018-05-29,Stock Clerk,34398.73,69,
42,Jessica,Moore,jessica.moore42@retailco.com,2015-06-05,Sales Associate,40642.44,99,
43,Amanda,Wilson,amanda.wilson43@retailco.com,2021-06-03,Manager,67446.04,17,
44,Matthew,Nguyen,matthew.nguyen44@retailco.com,2019-11-21,Cashier,33756.9,17,43
45,Karen,Harris,karen.harris45@retailco.com,2022-12-13,Sales Associate,43754.14,85,
46,Joseph,Moore,joseph.moore46@retailco.com,2015-09-14,Sales Associate,38221.72,61,100
47,Sandra,Rodriguez,sandra.rodriguez47@retailco.com,2013-11-18,Cashier,33918.93,71,
48,Dorothy,Ramirez,dorothy.ramirez48@retailco.com,2022-03-13,Manager,81005.54,22,
49,Christopher,Perez,christopher.perez49@retailco.com,2013-11-01,Stock Clerk,34215.65,34,4
50,Donald,Johnson,donald.johnson50@retailco.com,2012-11-25,Stock Clerk,36501.44,68,
51,Timothy,Johnson,timothy.johnson51@retailco.com,2014-07-26,Sales Associate,32326.08,78,
52,Andrew,Wilson,andrew.wilson52@retailco.com,2014-07-27,Sales Associate,44270.37,55,
53,Deborah,Hernandez,deborah.hernandez53@retailco.com,2020-06-01,Sales Associate,32410.85,28,
54,Betty,Gonzalez,betty.gonzalez54@retailco.com,2018-10-06,Manager,72762.94,70,
55,Carol,Hill,carol.hill55@retailco.com,2020-04-23,Manager,78886.82,97,
56,Robert,Allen,robert.allen56@retailco.com,2020-02-15,Cashier,36223.31,94,
57,Kenneth,Robinson,kenneth.robinson57@retailco.com,2024-01-26,Stock Clerk,36504.57,89,
58,Deborah,Walker,deborah.walker58@retailco.com,2013-12-10,Sales Associate,43696.42,26,
59,Sarah,Lewis,sarah.lewis59@retailco.com,2023-02-01,Sales Associate,41117.59,92,
60,Christopher,Lopez,christopher.lopez60@retailco.com,2018-03-13,Sales Associate,44765.32,40,
61,Emily,Smith,emily.smith61@retailco.com,2017-05-22,Cashier,35200.75,52,
62,Brian,Walker,brian.walker62@retailco.com,2021-01-25,Cashier,28172.43,86,
63,Brian,Thomas,brian.thomas63@retailco.com,2024-05-05,Sales Associate,37904.33,84,
64,Nancy,Thompson,nancy.thompson64@retailco.com,2019-01-28,Cashier,30305.38,48,
65,Linda,Wright,linda.wright65@retailco.com,2023-10-07,Stock Clerk,32765.0,57,
66,Joshua,Jackson,joshua.jackson66@retailco.com,2023-12-24,Manager,79978.85,67,
67,William,Moore,william.moore67@retailco.com,2023-01-04,Manager,84228.85,58,
68,Michael,Smith,michael.smith68@retailco.com,2017-08-30,Cashier,31407.06,16,
69,Donald,Davis,donald.davis69@retailco.com,2015-05-07,Manager,67021.22,32,
70,Andrew,Martin,andrew.martin70@retailco.com,2017-01-22,Manager,84817.54,29,
71,Deborah,King,deborah.king71@retailco.com,2018-11-06,Sales Associate,39083.54,9,
72,Andrew,Flores,andrew.flores72@retailco.com,2016-09-24,Manager,73288.93,44,
73,Thomas,Garcia,thomas.garcia73@retailco.com,2022-07-16,Sales Associate,40831.88,3,
74,Charles,Williams,charles.williams74@retailco.com,2017-03-27,Sales Associate,36523.49,76,
75,Thomas,Nguyen,thomas.nguyen75@retailco.com,2015-05-05,Cashier,29147.76,71,
76,Sarah,Martinez,sarah.martinez76@retailco.com,2018-06-22,Manager,56789.14,30,
77,Mark,Davis,mark.davis77@retailco.com,2023-01-28,Sales Associate,43195.74,76,
78,Mark,Garcia,mark.garcia78@retailco.com,2014-01-18,Cashier,31223.22,29,70
79,Joseph,Torres,joseph.torres79@retailco.com,2012-11-25,Cashier,34722.82,1,
80,Timothy,Lopez,timothy.lopez80@retailco.com,2021-10-10,Sales Associate,39075.67,10,
81,Kenneth,Young,kenneth.young81@retailco.com,2015-08-10,Manager,69100.31,91,
82,Nancy,Clark,nancy.clark82@retailco.com,2012-10-27,Cashier,32004.52,81,
83,Sandra,Garcia,sandra.garcia83@retailco.com,2012-01-10,Sales Associate,33854.75,8,
84,Kevin,Wright,kevin.wright84@retailco.com,2021-11-30,Sales Associate,35001.32,30,76
85,Timothy,Brown,timothy.brown85@retailco.com,2022-11-14,Sales Associate,34096.21,9,
86,Linda,Johnson,linda.johnson86@retailco.com,2024-05-21,Cashier,29583.78,5,
87,Anthony,Garcia,anthony.garcia87@retailco.com,2015-06-15,Sales Associate,46606.88,43,
88,Ashley,Jackson,ashley.jackson88@retailco.com,2022-03-30,Cashier,32825.0,10,
89,Emily,Martinez,emily.martinez89@retailco.com,2013-07-25,Sales Associate,41590.04,66,
90,Sarah,Clark,sarah.clark90@retailco.com,2018-09-11,Sales Associate,40123.8,31,
91,Donna,Nguyen,donna.nguyen91@retailco.com,2024-05-18,Cashier,33385.81,36,
92,Timothy,Wright,timothy.wright92@retailco.com,2024-10-28,Sales Associate,37148.44,86,
93,Matthew,Anderson,matthew.anderson93@retailco.com,2020-07-20,Stock Clerk,39134.3,63,
94,Matthew,Martinez,matthew.martinez94@retailco.com,2014-04-02,Sales Associate,34019.94,28,
95,Mark,Miller,mark.miller95@retailco.com,2015-06-18,Cashier,29441.55,70,54
96,Robert,Walker,robert.walker96@retailco.com,2023-12-20,Sales Associate,43083.27,17,43
97,Matthew,Lee,matthew.lee97@retailco.com,2013-07-14,Cashier,36723.83,93,
98,Jessica,Jackson,jessica.jackson98@retailco.com,2014-04-03,Sales Associate,38943.54,74,
99,Mark,Hernandez,mark.hernandez99@retailco.com,2020-01-15,Cashier,31243.75,74,
100,Lisa,Ramirez,lisa.ramirez100@retailco.com,2015-12-05,Manager,62325.92,61,
